{
  "imageSize": {
    "width": 1920,
    "height": 1080
  },
  "cameraMatrix": [
    [
      3043.0021317821083,
      0.0,
      921.1581711721374
    ],
    [
      0.0,
      2291.8135490750046,
      511.0604880936527
    ],
    [
      0.0,
      0.0,
      1.0
    ]
  ],
  "distCoeffs": [
    [
      -0.5046906146734039,
      0.5084851008860328,
      0.00046180352796405724,
      0.004110058310009861,
      -2.1318677460877
    ]
  ],
  "fx": 3043.0021317821083,
  "fy": 2291.8135490750046,
  "h_fov_deg": 35.01867040902711,
  "v_fov_deg": 26.51655860415341,
  "rms_reprojection_error": 0.5633403226061582,
  "usedImages": 52,
  "board": {
    "dictionary": "DICT_4X4_50",
    "squaresX": 7,
    "squaresY": 5,
    "squareLengthMeters": 0.038,
    "markerLengthMeters": 0.028
  }
}